{
    "pxrlightarrays": {
        "int": {
            "tdisplay": "",
            "display": "",
            "enableTemperature": "",
            "emissionFocusNormalize": "",
            "iesProfileNormalize": "",
            "enableShadows": "",
            "areaNormalize": "",
            "traceLightPaths": "",
            "thinShadow": "",
            "visibleInRefractionPath": "",
            "cheapCaustics": "",
            "fixedSampleCount": "",
            "picking": "",
            "caching": ""
        },
        "float": {
            "intensity": "",
            "exposure": "",
            "colorMapSaturation": "",
            "temperature": "",
            "emissionFocus": "",
            "specular": "",
            "diffuse": "",
            "intensityNearDist": "",
            "coneAngle": "",
            "coneSoftness": "",
            "iesProfileScale": "",
            "shadowDistance": "",
            "shadowFalloff": "",
            "shadowFalloffGamma": "",
            "importanceMultiplier": "",
            "ri_visiblecamera": "",
            "ri_indirect": "",
            "ri_visibletransmission": ""
        },
        "color": {
            "lightColor": "",
            "emissionFocusTint": "",
            "shadowColor": ""
        },
        "vector": {
            "colorMapGamma": ""
        },
        "string": {
            "lightColorMap": "",
            "iesProfile": "",
            "shadowSubset": "",
            "shadowExcludeSubset": "",
            "cheapCausticsExcludeGroup": "",
            "lightGroup": "",
            "categories": "",
            "shop_lightfilterpath": "",
            "pickscript": ""
        }
    },
    "attrib_create": {
        "vals": {
            "name1": "lightColor",
            "size1": 3,
            "default1v1": 1.0,
            "default1v2": 1.0,
            "default1v3": 1.0,
            "writevalues1": 1.0,
            "name2": "pscale",
            "default2v1": 1.0,
            "writevalues2": 0,
            "name3": "N",
            "type3": 2,
            "default3v3": 1.0,
            "writevalues3": 0.0,
            "name4": "scalex",
            "default4v1": 1.0,
            "writevalues4": 0,
            "name5": "scaley",
            "default5v1": 1.0,
            "writevalues5": 0
        },
        "expr": {
            "value1v1": "@Cd.r",
            "value1v2": "@Cd.g",
            "value1v3": "@Cd.b"
        }
    }
}
